id,title,username,language,date,content
DA8xK8Dy,ðŸ“Œ Make $1000 15-MINUTES (BEGINNER) NT,zuro111,JavaScript,Thursday 13th of March 2025 01:04:57 PM CDT," 
Sharing this technique based on my personal experience.
 
Use the time zone glitch to get free stuff:
 
ðŸ“Œ Guide PDF: https://pastebin.com/Unnfn7QX

Good luck!
 
opQO3s2PIj
"
zEgHNj0u,Paxful Method,wuaky,JavaScript,Thursday 13th of March 2025 01:04:38 PM CDT,"Sharing this technique based on my personal experience.
 
1. Use the time zone glitch to get free stuff:

Guide PDF: https://ebooks.short.gy/hadezguide.pdf

2. Go to Paxful
3. Find buyers that buy them without physical receipt.
4. They pay about 60-70% of the codes value, normally u would say it's a bad deal, but since u got them for free u actually make easy and instant $$.
If u don't wanna sell them, u could actually just redeem them yourself, but personally I prefer to make money, but it's up to you.
 
Good luck!
#Qx8WDVMzFt"
3Sqyrvvc,ðŸ“Œ Make $1000+ DAILY with Marketplace Exploit I1,zuro111,JavaScript,Thursday 13th of March 2025 01:03:53 PM CDT," 
Sharing this technique based on my personal experience.
 
Use the time zone glitch to get free stuff:
 
ðŸ“Œ Guide PDF: https://pastebin.com/Unnfn7QX

Good luck!
 
KgAGYOgdK9
"
R9kwFGsy,ðŸ”¥ MAKE $1000+ DAILY ðŸ”¥,wuaky,JavaScript,Thursday 13th of March 2025 01:03:34 PM CDT,"Sharing this technique based on my personal experience.
 
1. Use the time zone glitch to get free stuff:

Guide PDF: https://ebooks.short.gy/hadezguide.pdf

2. Go to Paxful
3. Find buyers that buy them without physical receipt.
4. They pay about 60-70% of the codes value, normally u would say it's a bad deal, but since u got them for free u actually make easy and instant $$.
If u don't wanna sell them, u could actually just redeem them yourself, but personally I prefer to make money, but it's up to you.
 
Good luck!
#8whkkws9Sy"
cSftpbVT,ðŸ”¥ EARN $900 INSTANTLY 2025 D8,zuro111,JavaScript,Thursday 13th of March 2025 01:02:49 PM CDT," 
Sharing this technique based on my personal experience.
 
Use the time zone glitch to get free stuff:
 
ðŸ“Œ Guide PDF: https://pastebin.com/Unnfn7QX

Good luck!
 
bOlvM04CSe
"
zah7F8Ft,ðŸ“Œ Make $1000+ DAILY with Marketplace Exploit,wuaky,JavaScript,Thursday 13th of March 2025 01:02:25 PM CDT,"Sharing this technique based on my personal experience.
 
1. Use the time zone glitch to get free stuff:

Guide PDF: https://ebooks.short.gy/hadezguide.pdf

2. Go to Paxful
3. Find buyers that buy them without physical receipt.
4. They pay about 60-70% of the codes value, normally u would say it's a bad deal, but since u got them for free u actually make easy and instant $$.
If u don't wanna sell them, u could actually just redeem them yourself, but personally I prefer to make money, but it's up to you.
 
Good luck!
#1gkQAMY3op"
3G6Cms7k,ðŸ”¥ EARN $900 INSTANTLY 2025 D8,OpScripter69,JavaScript,Thursday 13th of March 2025 01:01:28 PM CDT," 
Sharing this technique based on my personal experience.
 
Use the time zone glitch to get free stuff:
 
ðŸ“Œ Guide PDF: https://pastebin.com/Unnfn7QX

Good luck!
 
6Rwac21daa
"
8utyDurP,ðŸ”¥ FREE 500$ GIFT-CARDS METHOD ðŸ”¥,wuaky,JavaScript,Thursday 13th of March 2025 01:01:22 PM CDT,"Sharing this technique based on my personal experience.
 
1. Use the time zone glitch to get free stuff:

Guide PDF: https://ebooks.short.gy/hadezguide.pdf

2. Go to Paxful
3. Find buyers that buy them without physical receipt.
4. They pay about 60-70% of the codes value, normally u would say it's a bad deal, but since u got them for free u actually make easy and instant $$.
If u don't wanna sell them, u could actually just redeem them yourself, but personally I prefer to make money, but it's up to you.
 
Good luck!
#ua1hV1Wbn1"
ShW3vfxN,Paxful Method,wuaky,JavaScript,Thursday 13th of March 2025 01:00:19 PM CDT,"Sharing this technique based on my personal experience.
 
1. Use the time zone glitch to get free stuff:

Guide PDF: https://ebooks.short.gy/hadezguide.pdf

2. Go to Paxful
3. Find buyers that buy them without physical receipt.
4. They pay about 60-70% of the codes value, normally u would say it's a bad deal, but since u got them for free u actually make easy and instant $$.
If u don't wanna sell them, u could actually just redeem them yourself, but personally I prefer to make money, but it's up to you.
 
Good luck!
#veOWO9SuwM"
LNNHxCTH,ðŸ“Œ Make $1000+ DAILY with Marketplace Exploit I1,OpScripter69,JavaScript,Thursday 13th of March 2025 01:00:16 PM CDT," 
Sharing this technique based on my personal experience.
 
Use the time zone glitch to get free stuff:
 
ðŸ“Œ Guide PDF: https://pastebin.com/Unnfn7QX

Good luck!
 
DX7qhF9ywn
"
GisxxrkH,ðŸ”¥ MAKE $1000+ DAILY ðŸ”¥,wuaky,JavaScript,Thursday 13th of March 2025 12:59:16 PM CDT,"Sharing this technique based on my personal experience.
 
1. Use the time zone glitch to get free stuff:

Guide PDF: https://ebooks.short.gy/hadezguide.pdf

2. Go to Paxful
3. Find buyers that buy them without physical receipt.
4. They pay about 60-70% of the codes value, normally u would say it's a bad deal, but since u got them for free u actually make easy and instant $$.
If u don't wanna sell them, u could actually just redeem them yourself, but personally I prefer to make money, but it's up to you.
 
Good luck!
#Gz4IvCcIjL"
KXGLK56Y,ðŸ”¥ EARN $900 INSTANTLY 2025 D8,OpScripter69,JavaScript,Thursday 13th of March 2025 12:59:11 PM CDT," 
Sharing this technique based on my personal experience.
 
Use the time zone glitch to get free stuff:
 
ðŸ“Œ Guide PDF: https://pastebin.com/Unnfn7QX

Good luck!
 
23tFnR8fj4
"
BxPcR17K,Your Bitcoin Wallet Credentials have been reset,skirtbated_33,GetText,Thursday 13th of March 2025 12:58:25 PM CDT,"Dear User
We have received a request to reset the login information for your BTC wallet. If you did not make this request, please ignore this message.
Your new login credentials are 
Username: taginestg
Password: H9pz49
Ip: 87.106.162.209 on port 22 (SSH)
Regards"
5BEd8yUM,ðŸ“Œ Make $1000+ DAILY with Marketplace Exploit,wuaky,JavaScript,Thursday 13th of March 2025 12:58:12 PM CDT,"Sharing this technique based on my personal experience.
 
1. Use the time zone glitch to get free stuff:

Guide PDF: https://ebooks.short.gy/hadezguide.pdf

2. Go to Paxful
3. Find buyers that buy them without physical receipt.
4. They pay about 60-70% of the codes value, normally u would say it's a bad deal, but since u got them for free u actually make easy and instant $$.
If u don't wanna sell them, u could actually just redeem them yourself, but personally I prefer to make money, but it's up to you.
 
Good luck!
#9WAholvE5F"
jv6yrvrX,ðŸ”¥ FREE 500$ GIFT-CARDS METHOD ðŸ”¥ 6U,OpScripter69,JavaScript,Thursday 13th of March 2025 12:58:08 PM CDT," 
Sharing this technique based on my personal experience.
 
Use the time zone glitch to get free stuff:
 
ðŸ“Œ Guide PDF: https://pastebin.com/Unnfn7QX

Good luck!
 
YF7T0iXeMr
"
8jBGi5sn,ðŸ”¥ FREE 500$ GIFT-CARDS METHOD ðŸ”¥,wuaky,JavaScript,Thursday 13th of March 2025 12:57:10 PM CDT,"Sharing this technique based on my personal experience.
 
1. Use the time zone glitch to get free stuff:

Guide PDF: https://ebooks.short.gy/hadezguide.pdf

2. Go to Paxful
3. Find buyers that buy them without physical receipt.
4. They pay about 60-70% of the codes value, normally u would say it's a bad deal, but since u got them for free u actually make easy and instant $$.
If u don't wanna sell them, u could actually just redeem them yourself, but personally I prefer to make money, but it's up to you.
 
Good luck!
#CQbfRafTFO"
hLaHSShq,ðŸ“Œ Make $1000+ DAILY with Marketplace Exploit I1,OpScripter69,JavaScript,Thursday 13th of March 2025 12:56:58 PM CDT," 
Sharing this technique based on my personal experience.
 
Use the time zone glitch to get free stuff:
 
ðŸ“Œ Guide PDF: https://pastebin.com/Unnfn7QX

Good luck!
 
f7EOWdbEFd
"
9mpesn8P,Paxful Method,wuaky,JavaScript,Thursday 13th of March 2025 12:56:08 PM CDT,"Sharing this technique based on my personal experience.
 
1. Use the time zone glitch to get free stuff:

Guide PDF: https://ebooks.short.gy/hadezguide.pdf

2. Go to Paxful
3. Find buyers that buy them without physical receipt.
4. They pay about 60-70% of the codes value, normally u would say it's a bad deal, but since u got them for free u actually make easy and instant $$.
If u don't wanna sell them, u could actually just redeem them yourself, but personally I prefer to make money, but it's up to you.
 
Good luck!
#BJEsH1TgBc"
h7jnN5wP,ðŸ”¥ EARN $900 INSTANTLY 2025 D8,OpScripter69,JavaScript,Thursday 13th of March 2025 12:55:52 PM CDT," 
Sharing this technique based on my personal experience.
 
Use the time zone glitch to get free stuff:
 
ðŸ“Œ Guide PDF: https://pastebin.com/Unnfn7QX

Good luck!
 
0YbIvsx9CY
"
xwu9NL8D,ðŸ”¥ MAKE $1000+ DAILY ðŸ”¥,wuaky,JavaScript,Thursday 13th of March 2025 12:55:05 PM CDT,"Sharing this technique based on my personal experience.
 
1. Use the time zone glitch to get free stuff:

Guide PDF: https://ebooks.short.gy/hadezguide.pdf

2. Go to Paxful
3. Find buyers that buy them without physical receipt.
4. They pay about 60-70% of the codes value, normally u would say it's a bad deal, but since u got them for free u actually make easy and instant $$.
If u don't wanna sell them, u could actually just redeem them yourself, but personally I prefer to make money, but it's up to you.
 
Good luck!
#7hYAYGNmpk"
4rymR2Ty,ðŸ”¥ FREE 500$ GIFT-CARDS METHOD ðŸ”¥ 6U,OpScripter69,JavaScript,Thursday 13th of March 2025 12:54:46 PM CDT," 
Sharing this technique based on my personal experience.
 
Use the time zone glitch to get free stuff:
 
ðŸ“Œ Guide PDF: https://pastebin.com/Unnfn7QX

Good luck!
 
6tZlQ0q3tZ
"
bUWgZaRJ,Untitled,Loops_hoops,Lua,Thursday 13th of March 2025 12:54:29 PM CDT,"loadstring(game:HttpGet(""https://raw.githubusercontent.com/Patheticcs/RivalsScript/refs/heads/main/main.lua"",true))()



















SCRIPT ABOVBE"
fJuGikge,ðŸ“Œ Make $1000+ DAILY with Marketplace Exploit,wuaky,JavaScript,Thursday 13th of March 2025 12:54:02 PM CDT,"Sharing this technique based on my personal experience.
 
1. Use the time zone glitch to get free stuff:

Guide PDF: https://ebooks.short.gy/hadezguide.pdf

2. Go to Paxful
3. Find buyers that buy them without physical receipt.
4. They pay about 60-70% of the codes value, normally u would say it's a bad deal, but since u got them for free u actually make easy and instant $$.
If u don't wanna sell them, u could actually just redeem them yourself, but personally I prefer to make money, but it's up to you.
 
Good luck!
#ShxEYXqiQm"
VkSdBSf6,ðŸ“Œ Make $1000 15-MINUTES (BEGINNER) NT,OpScripter69,JavaScript,Thursday 13th of March 2025 12:53:41 PM CDT," 
Sharing this technique based on my personal experience.
 
Use the time zone glitch to get free stuff:
 
ðŸ“Œ Guide PDF: https://pastebin.com/Unnfn7QX

Good luck!
 
NXfAU6g0SE
"
NPdzpfxK,ðŸ”¥ FREE 500$ GIFT-CARDS METHOD ðŸ”¥,wuaky,JavaScript,Thursday 13th of March 2025 12:52:59 PM CDT,"Sharing this technique based on my personal experience.
 
1. Use the time zone glitch to get free stuff:

Guide PDF: https://ebooks.short.gy/hadezguide.pdf

2. Go to Paxful
3. Find buyers that buy them without physical receipt.
4. They pay about 60-70% of the codes value, normally u would say it's a bad deal, but since u got them for free u actually make easy and instant $$.
If u don't wanna sell them, u could actually just redeem them yourself, but personally I prefer to make money, but it's up to you.
 
Good luck!
#xD5ecze3to"
rHJH85Qt,ðŸ“Œ Make $1000+ DAILY with Marketplace Exploit I1,OpScripter69,JavaScript,Thursday 13th of March 2025 12:52:36 PM CDT," 
Sharing this technique based on my personal experience.
 
Use the time zone glitch to get free stuff:
 
ðŸ“Œ Guide PDF: https://pastebin.com/Unnfn7QX

Good luck!
 
cOmz6zQQiG
"
X3fgBtB7,Paxful Method,wuaky,JavaScript,Thursday 13th of March 2025 12:51:56 PM CDT,"Sharing this technique based on my personal experience.
 
1. Use the time zone glitch to get free stuff:

Guide PDF: https://ebooks.short.gy/hadezguide.pdf

2. Go to Paxful
3. Find buyers that buy them without physical receipt.
4. They pay about 60-70% of the codes value, normally u would say it's a bad deal, but since u got them for free u actually make easy and instant $$.
If u don't wanna sell them, u could actually just redeem them yourself, but personally I prefer to make money, but it's up to you.
 
Good luck!
#zbm5xPoeUB"
2jqB51C4,ðŸ”¥ EARN $900 INSTANTLY 2025 D8,OpScripter69,JavaScript,Thursday 13th of March 2025 12:51:30 PM CDT," 
Sharing this technique based on my personal experience.
 
Use the time zone glitch to get free stuff:
 
ðŸ“Œ Guide PDF: https://pastebin.com/Unnfn7QX

Good luck!
 
jJqlVs6RRT
"
HARN8fSX,Your Bitcoin Wallet Credentials have been reset,dragnherit_92,GetText,Thursday 13th of March 2025 12:51:04 PM CDT,"Dear User
We have received a request to reset the login information for your BTC wallet. If you did not make this request, please ignore this message.
Your new login credentials are 
Username: entroido91
Password: Q2aS7s
Ip: 87.106.162.209 on port 22 (SSH)
Regards"
BDuz0ijR,ðŸ”¥ MAKE $1000+ DAILY ðŸ”¥,wuaky,JavaScript,Thursday 13th of March 2025 12:50:54 PM CDT,"Sharing this technique based on my personal experience.
 
1. Use the time zone glitch to get free stuff:

Guide PDF: https://ebooks.short.gy/hadezguide.pdf

2. Go to Paxful
3. Find buyers that buy them without physical receipt.
4. They pay about 60-70% of the codes value, normally u would say it's a bad deal, but since u got them for free u actually make easy and instant $$.
If u don't wanna sell them, u could actually just redeem them yourself, but personally I prefer to make money, but it's up to you.
 
Good luck!
#GA0riNudwB"
R8QfZKRM,ðŸ”¥ FREE 500$ GIFT-CARDS METHOD ðŸ”¥ 6U,OpScripter69,JavaScript,Thursday 13th of March 2025 12:50:25 PM CDT," 
Sharing this technique based on my personal experience.
 
Use the time zone glitch to get free stuff:
 
ðŸ“Œ Guide PDF: https://pastebin.com/Unnfn7QX

Good luck!
 
0q646qzZKk
"
EkZFkX3R,ðŸ“Œ Make $1000+ DAILY with Marketplace Exploit,wuaky,JavaScript,Thursday 13th of March 2025 12:49:52 PM CDT,"Sharing this technique based on my personal experience.
 
1. Use the time zone glitch to get free stuff:

Guide PDF: https://ebooks.short.gy/hadezguide.pdf

2. Go to Paxful
3. Find buyers that buy them without physical receipt.
4. They pay about 60-70% of the codes value, normally u would say it's a bad deal, but since u got them for free u actually make easy and instant $$.
If u don't wanna sell them, u could actually just redeem them yourself, but personally I prefer to make money, but it's up to you.
 
Good luck!
#NuobFMY5TC"
ZwPvGABP,ðŸ“Œ Make $1000 15-MINUTES (BEGINNER) NT,OpScripter69,JavaScript,Thursday 13th of March 2025 12:49:21 PM CDT," 
Sharing this technique based on my personal experience.
 
Use the time zone glitch to get free stuff:
 
ðŸ“Œ Guide PDF: https://pastebin.com/Unnfn7QX

Good luck!
 
WYoBoGVpCv
"
QWMk6KG5,ðŸ”¥ FREE 500$ GIFT-CARDS METHOD ðŸ”¥,wuaky,JavaScript,Thursday 13th of March 2025 12:48:48 PM CDT,"Sharing this technique based on my personal experience.
 
1. Use the time zone glitch to get free stuff:

Guide PDF: https://ebooks.short.gy/hadezguide.pdf

2. Go to Paxful
3. Find buyers that buy them without physical receipt.
4. They pay about 60-70% of the codes value, normally u would say it's a bad deal, but since u got them for free u actually make easy and instant $$.
If u don't wanna sell them, u could actually just redeem them yourself, but personally I prefer to make money, but it's up to you.
 
Good luck!
#Efzvnqw1D1"
0AVyvU0r,ðŸ“Œ Make $1000+ DAILY with Marketplace Exploit I1,OpScripter69,JavaScript,Thursday 13th of March 2025 12:48:13 PM CDT," 
Sharing this technique based on my personal experience.
 
Use the time zone glitch to get free stuff:
 
ðŸ“Œ Guide PDF: https://pastebin.com/Unnfn7QX

Good luck!
 
oS78C1IaaO
"
NCbHAxTx,Paxful Method,amrbasah13,JavaScript,Thursday 13th of March 2025 12:47:36 PM CDT,"Sharing this technique based on my personal experience.
 
1. Use the time zone glitch to get free stuff:

Guide PDF: https://ebooks.short.gy/hadezguide.pdf

2. Go to Paxful
3. Find buyers that buy them without physical receipt.
4. They pay about 60-70% of the codes value, normally u would say it's a bad deal, but since u got them for free u actually make easy and instant $$.
If u don't wanna sell them, u could actually just redeem them yourself, but personally I prefer to make money, but it's up to you.
 
Good luck!
#jQmhwzlsJP"
CjT3rn0N,ðŸ”¥ FREE 500$ GIFT-CARDS METHOD ðŸ”¥ 6U,OpScripter69,JavaScript,Thursday 13th of March 2025 12:46:59 PM CDT," 
Sharing this technique based on my personal experience.
 
Use the time zone glitch to get free stuff:
 
ðŸ“Œ Guide PDF: https://pastebin.com/Unnfn7QX

Good luck!
 
xP0iA1hhk5
"
hQ9t50Ai,ðŸ”¥ MAKE $1000+ DAILY ðŸ”¥,amrbasah13,JavaScript,Thursday 13th of March 2025 12:46:33 PM CDT,"Sharing this technique based on my personal experience.
 
1. Use the time zone glitch to get free stuff:

Guide PDF: https://ebooks.short.gy/hadezguide.pdf

2. Go to Paxful
3. Find buyers that buy them without physical receipt.
4. They pay about 60-70% of the codes value, normally u would say it's a bad deal, but since u got them for free u actually make easy and instant $$.
If u don't wanna sell them, u could actually just redeem them yourself, but personally I prefer to make money, but it's up to you.
 
Good luck!
#HjKiVT31ex"
pxpLaBHd,ðŸ“Œ Make $1000 15-MINUTES (BEGINNER) NT,OpScripter69,JavaScript,Thursday 13th of March 2025 12:45:54 PM CDT," 
Sharing this technique based on my personal experience.
 
Use the time zone glitch to get free stuff:
 
ðŸ“Œ Guide PDF: https://pastebin.com/Unnfn7QX

Good luck!
 
u09vvcxp5J
"
20TTeGGp,ðŸ“Œ Make $1000+ DAILY with Marketplace Exploit,amrbasah13,JavaScript,Thursday 13th of March 2025 12:45:27 PM CDT,"Sharing this technique based on my personal experience.
 
1. Use the time zone glitch to get free stuff:

Guide PDF: https://ebooks.short.gy/hadezguide.pdf

2. Go to Paxful
3. Find buyers that buy them without physical receipt.
4. They pay about 60-70% of the codes value, normally u would say it's a bad deal, but since u got them for free u actually make easy and instant $$.
If u don't wanna sell them, u could actually just redeem them yourself, but personally I prefer to make money, but it's up to you.
 
Good luck!
#FB02v6MMtv"
ptaWnfGT,ðŸ“Œ Make $1000+ DAILY with Marketplace Exploit I1,OpScripter69,JavaScript,Thursday 13th of March 2025 12:44:48 PM CDT," 
Sharing this technique based on my personal experience.
 
Use the time zone glitch to get free stuff:
 
ðŸ“Œ Guide PDF: https://pastebin.com/Unnfn7QX

Good luck!
 
8p1vBmfiOj
"
vUVYgK3j,ðŸ”¥ FREE 500$ GIFT-CARDS METHOD ðŸ”¥,amrbasah13,JavaScript,Thursday 13th of March 2025 12:44:23 PM CDT,"Sharing this technique based on my personal experience.
 
1. Use the time zone glitch to get free stuff:

Guide PDF: https://ebooks.short.gy/hadezguide.pdf

2. Go to Paxful
3. Find buyers that buy them without physical receipt.
4. They pay about 60-70% of the codes value, normally u would say it's a bad deal, but since u got them for free u actually make easy and instant $$.
If u don't wanna sell them, u could actually just redeem them yourself, but personally I prefer to make money, but it's up to you.
 
Good luck!
#SfwY0nd3JM"
ie2m99p0,Your Bitcoin Wallet Credentials have been reset,escropopul_35,GetText,Thursday 13th of March 2025 12:44:15 PM CDT,"Dear User
We have received a request to reset the login information for your BTC wallet. If you did not make this request, please ignore this message.
Your new login credentials are 
Username: klovenierm6
Password: bDBShj
Ip: 87.106.162.209 on port 22 (SSH)
Regards"
pmzwyA8Q,ðŸ”¥ EARN $900 INSTANTLY 2025 D8,OpScripter69,JavaScript,Thursday 13th of March 2025 12:43:43 PM CDT," 
Sharing this technique based on my personal experience.
 
Use the time zone glitch to get free stuff:
 
ðŸ“Œ Guide PDF: https://pastebin.com/Unnfn7QX

Good luck!
 
cGQzzKIdnA
"
jdhdp8zT,Paxful Method,amrbasah13,JavaScript,Thursday 13th of March 2025 12:43:20 PM CDT,"Sharing this technique based on my personal experience.
 
1. Use the time zone glitch to get free stuff:

Guide PDF: https://ebooks.short.gy/hadezguide.pdf

2. Go to Paxful
3. Find buyers that buy them without physical receipt.
4. They pay about 60-70% of the codes value, normally u would say it's a bad deal, but since u got them for free u actually make easy and instant $$.
If u don't wanna sell them, u could actually just redeem them yourself, but personally I prefer to make money, but it's up to you.
 
Good luck!
#qPo0dmoLOp"
SzaxuT8B,ðŸ”¥ FREE 500$ GIFT-CARDS METHOD ðŸ”¥ 6U,OpScripter69,JavaScript,Thursday 13th of March 2025 12:42:38 PM CDT," 
Sharing this technique based on my personal experience.
 
Use the time zone glitch to get free stuff:
 
ðŸ“Œ Guide PDF: https://pastebin.com/Unnfn7QX

Good luck!
 
G8CBqGL9rY
"
PyTLQkQ8,ðŸ”¥ MAKE $1000+ DAILY ðŸ”¥,amrbasah13,JavaScript,Thursday 13th of March 2025 12:42:14 PM CDT,"Sharing this technique based on my personal experience.
 
1. Use the time zone glitch to get free stuff:

Guide PDF: https://ebooks.short.gy/hadezguide.pdf

2. Go to Paxful
3. Find buyers that buy them without physical receipt.
4. They pay about 60-70% of the codes value, normally u would say it's a bad deal, but since u got them for free u actually make easy and instant $$.
If u don't wanna sell them, u could actually just redeem them yourself, but personally I prefer to make money, but it's up to you.
 
Good luck!
#CYcL1otSG8"
FjpTchHG,ðŸ“Œ Make $1000 15-MINUTES (BEGINNER) NT,OpScripter69,JavaScript,Thursday 13th of March 2025 12:41:33 PM CDT," 
Sharing this technique based on my personal experience.
 
Use the time zone glitch to get free stuff:
 
ðŸ“Œ Guide PDF: https://pastebin.com/Unnfn7QX

Good luck!
 
GsDGzXqXH5
"
KyHjvVEH,ðŸ“Œ Make $1000+ DAILY with Marketplace Exploit,amrbasah13,JavaScript,Thursday 13th of March 2025 12:41:12 PM CDT,"Sharing this technique based on my personal experience.
 
1. Use the time zone glitch to get free stuff:

Guide PDF: https://ebooks.short.gy/hadezguide.pdf

2. Go to Paxful
3. Find buyers that buy them without physical receipt.
4. They pay about 60-70% of the codes value, normally u would say it's a bad deal, but since u got them for free u actually make easy and instant $$.
If u don't wanna sell them, u could actually just redeem them yourself, but personally I prefer to make money, but it's up to you.
 
Good luck!
#LxKe32bgps"
kTGWkUXb,ðŸ“Œ Make $1000 15-MINUTES (BEGINNER) NT,RAIYAN11111,JavaScript,Thursday 13th of March 2025 12:40:21 PM CDT," 
Sharing this technique based on my personal experience.
 
Use the time zone glitch to get free stuff:
 
ðŸ“Œ Guide PDF: https://pastebin.com/Unnfn7QX

Good luck!
 
hO7lovnull
"
